date,post
230123,The apology is too late. All the best
230211,The new term just started welcome slaves|students
240204,WE HAVE FINISHED THE COOOOOOODDDDDEEE
240212,WE HAVE FINISHED THE COOOOOOODDDDDEEE
240212,WE HAVE FINISHED THE COOOOOOODDDDDEEE
240212,WE HAVE FINISHED THE COOOOOOODDDDDEEE
240212,WE HAVE FINISHED THE COOOOOOODDDDDEEE
240212,WE HAVE FINISHED THE COOOOOOODDDDDEEE
240212,WE HAVE FINISHED THE COOOOOOODDDDDEEE
240212,WE HAVE FINISHED THE COOOOOOODDDDDEEE
240212,WE HAVE FINISHED THE COOOOOOODDDDDEEE
240212,WE HAVE FINISHED THE COOOOOOODDDDDEEE
240212,WE HAVE FINISHED THE COOOOOOODDDDDEEE
240212,kolo tmmmmmmmm ya 27la tolab
240212,WE HAVE FINISHED THE COOOOOOODDDDDEEE
240212,ya salam lw kont nmt shwia
240212,kolo tmmmmm awi
240214,WE HAVE FINISHED THE COOOOOOODDDDDEEE
240214,WE HAVE FINISHED THE COOOOOOODDDDDEEE
240214,WE HAVE FINISHED THE COOOOOOODDDDDEEE
240214,WE HAVE FINISHED THE COOOOOOODDDDDEEE
240215,WE HAVE FINISHED THE COOOOOOODDDDDEEE
240215,WE HAVE FINISHED THE COOOOOOODDDDDEEE
240215,WE HAVE FINISHED THE COOOOOOODDDDDEEE
240215,WE HAVE FINISHED THE COOOOOOODDDDDEEE
240215,WE HAVE FINISHED THE COOOOOOODDDDDEEE
240215,WE HAVE FINISHED THE COOOOOOODDDDDEEE
240215,WE HAVE FINISHED THE COOOOOOODDDDDEEE
240215,WE HAVE FINISHED THE COOOOOOODDDDDEEE
240215,WE HAVE FINISHED THE COOOOOOODDDDDEEE
240215,WE HAVE FINISHED THE COOOOOOODDDDDEEE
240215,WE HAVE FINISHED THE COOOOOOODDDDDEEE
240215,WE HAVE FINISHED THE COOOOOOODDDDDEEE
240215,WE HAVE FINISHED THE COOOOOOODDDDDEEE
240215,WE HAVE FINISHED THE COOOOOOODDDDDEEE
240215,WE HAVE FINISHED THE COOOOOOODDDDDEEE
240215,WE HAVE FINISHED THE COOOOOOODDDDDEEE
240215,WE HAVE FINISHED THE COOOOOOODDDDDEEE
240215,WE HAVE FINISHED THE COOOOOOODDDDDEEE
240215,WE HAVE FINISHED THE COOOOOOODDDDDEEE
240215,WE HAVE FINISHED THE COOOOOOODDDDDEEE
240215,WE HAVE FINISHED THE COOOOOOODDDDDEEE
240215,WE HAVE FINISHED THE COOOOOOODDDDDEEE
240215,WE HAVE FINISHED THE COOOOOOODDDDDEEE
240215,WE HAVE FINISHED THE COOOOOOODDDDDEEE
240215,WE HAVE FINISHED THE COOOOOOODDDDDEEE
240215,WE HAVE FINISHED THE COOOOOOODDDDDEEE
240215,WE HAVE FINISHED THE COOOOOOODDDDDEEE
240215,WE HAVE FINISHED THE COOOOOOODDDDDEEE
240215,WE HAVE FINISHED THE COOOOOOODDDDDEEE
240215,WE HAVE FINISHED THE COOOOOOODDDDDEEE
240215,WE HAVE FINISHED THE COOOOOOODDDDDEEE
240215,WE HAVE FINISHED THE COOOOOOODDDDDEEE
240215,WE HAVE FINISHED THE COOOOOOODDDDDEEE
240215,WE HAVE FINISHED THE COOOOOOODDDDDEEE
240215,WE HAVE FINISHED THE COOOOOOODDDDDEEE
240215,WE HAVE FINISHED THE COOOOOOODDDDDEEE
240215,WE HAVE FINISHED THE COOOOOOODDDDDEEE
240215,WE HAVE FINISHED THE COOOOOOODDDDDEEE
240215,WE HAVE FINISHED THE COOOOOOODDDDDEEE
240215,WE HAVE FINISHED THE COOOOOOODDDDDEEE
240215,WE HAVE FINISHED THE COOOOOOODDDDDEEE
240215,WE HAVE FINISHED THE COOOOOOODDDDDEEE
240215,WE HAVE FINISHED THE COOOOOOODDDDDEEE
240215,WE HAVE FINISHED THE COOOOOOODDDDDEEE
240215,WE HAVE FINISHED THE COOOOOOODDDDDEEE
240215,WE HAVE FINISHED THE COOOOOOODDDDDEEE
240215,WE HAVE FINISHED THE COOOOOOODDDDDEEE
240215,WE HAVE FINISHED THE COOOOOOODDDDDEEE
240215,WE HAVE FINISHED THE COOOOOOODDDDDEEE
240215,WE HAVE FINISHED THE COOOOOOODDDDDEEE
240215,WE HAVE FINISHED THE COOOOOOODDDDDEEE
240215,WE HAVE FINISHED THE COOOOOOODDDDDEEE
240215,WE HAVE FINISHED THE COOOOOOODDDDDEEE
240215,WE HAVE FINISHED THE COOOOOOODDDDDEEE
240215,WE HAVE FINISHED THE COOOOOOODDDDDEEE
240215,WE HAVE FINISHED THE COOOOOOODDDDDEEE
240215,WE HAVE FINISHED THE COOOOOOODDDDDEEE
240215,WE HAVE FINISHED THE COOOOOOODDDDDEEE
240215,WE HAVE FINISHED THE COOOOOOODDDDDEEE
240215,WE HAVE FINISHED THE COOOOOOODDDDDEEE
240215,WE HAVE FINISHED THE COOOOOOODDDDDEEE
240215,WE HAVE FINISHED THE COOOOOOODDDDDEEE
240215,WE HAVE FINISHED THE COOOOOOODDDDDEEE
240215,WE HAVE FINISHED THE COOOOOOODDDDDEEE
240215,WE HAVE FINISHED THE COOOOOOODDDDDEEE
240215,WE HAVE FINISHED THE COOOOOOODDDDDEEE
240215,WE HAVE FINISHED THE COOOOOOODDDDDEEE
240215,WE HAVE FINISHED THE COOOOOOODDDDDEEE
240215,WE HAVE FINISHED THE COOOOOOODDDDDEEE
240215,WE HAVE FINISHED THE COOOOOOODDDDDEEE
240215,WE HAVE FINISHED THE COOOOOOODDDDDEEE
240215,WE HAVE FINISHED THE COOOOOOODDDDDEEE
240215,WE HAVE FINISHED THE COOOOOOODDDDDEEE
240215,WE HAVE FINISHED THE COOOOOOODDDDDEEE
240215,WE HAVE FINISHED THE COOOOOOODDDDDEEE
